,bacterium,abundance
0,Lactobacillus,0.9993816026797218
2,Corynebacterium,8.58885167053165e-05
3,Staphylococcus,5.15331100231899e-05
4,Gardnerella,3.43554066821266e-05
5,Streptococcus,3.43554066821266e-05
6,Paracoccus,1.71777033410633e-05
7,Prevotella,1.71777033410633e-05
8,Flavobacterium,1.71777033410633e-05
9,Lachnospiraceae NK4A136 group,1.71777033410633e-05
10,Finegoldia,1.71777033410633e-05
11,Olsenella,1.71777033410633e-05
12,Bacillus,1.71777033410633e-05
