,bacterium,abundance
0,Lactobacillus,0.9988452049761167
2,Finegoldia,0.00020996273161513832
3,Prevotella,0.00015747204871135374
4,Ureaplasma,0.00015747204871135374
5,Peptoniphilus,0.00010498136580756916
6,Rivicola,0.00010498136580756916
7,Bergeyella,5.249068290378458e-05
8,Choanozoa,5.249068290378458e-05
